INSERT INTO world Values("name1", "1", "1");
INSERT INTO world Values("name2", "2", "2");
INSERT INTO world Values("name3", "3", "3");
INSERT INTO world Values("name4", "4", "4");
INSERT INTO world Values("name5", "5", "5");
INSERT INTO maintains Values("1", "1");
INSERT INTO maintains Values("2", "2");
INSERT INTO maintains Values("3", "3");
INSERT INTO maintains Values("4", "4");
INSERT INTO maintains Values("5", "5");
INSERT INTO campaign Values("details1", "name1", "1");
INSERT INTO campaign Values("details2", "name2", "2");
INSERT INTO campaign Values("details3", "name3", "3");
INSERT INTO campaign Values("details4", "name4", "4");
INSERT INTO campaign Values("details5", "name5", "5");
INSERT INTO plays_in Values("1", "1");
INSERT INTO plays_in Values("2", "2");
INSERT INTO plays_in Values("3", "3");
INSERT INTO plays_in Values("4", "4");
INSERT INTO plays_in Values("5", "5");
INSERT INTO is_found_in Values("1", "1");
INSERT INTO is_found_in Values("2", "2");
INSERT INTO is_found_in Values("3", "3");
INSERT INTO is_found_in Values("4", "4");
INSERT INTO is_found_in Values("5", "5");
INSERT INTO can_perform Values("name1", "1");
INSERT INTO can_perform Values("name2", "2");
INSERT INTO can_perform Values("name3", "3");
INSERT INTO can_perform Values("name4", "4");
INSERT INTO can_perform Values("name5", "5");
INSERT INTO user Values("name11111", "1", "namename1");
INSERT INTO user Values("name22222", "2", "namename2");
INSERT INTO user Values("name33333", "3", "namename3");
INSERT INTO user Values("name44444", "4", "namename4");
INSERT INTO user Values("name55555", "5", "namename5");
INSERT INTO item Values("name1", "details1", "notes1", "1");
INSERT INTO item Values("name2", "details2", "notes2", "2");
INSERT INTO item Values("name3", "details3", "notes3", "3");
INSERT INTO item Values("name4", "details4", "notes4", "4");
INSERT INTO item Values("name5", "details5", "notes5", "5");
INSERT INTO entity Values("name1", "details1", "notes1", "type1", "1");
INSERT INTO entity Values("name2", "details2", "notes2", "type2", "2");
INSERT INTO entity Values("name3", "details3", "notes3", "type3", "3");
INSERT INTO entity Values("name4", "details4", "notes4", "type4", "4");
INSERT INTO entity Values("name5", "details5", "notes5", "type5", "5");
INSERT INTO owns Values("1", "1");
INSERT INTO owns Values("2", "2");
INSERT INTO owns Values("3", "3");
INSERT INTO owns Values("4", "4");
INSERT INTO owns Values("5", "5");
INSERT INTO scenario Values("name1", "1", "1");
INSERT INTO scenario Values("name2", "2", "2");
INSERT INTO scenario Values("name3", "3", "3");
INSERT INTO scenario Values("name4", "4", "4");
INSERT INTO scenario Values("name5", "5", "5");
INSERT INTO existsin Values("1", "1");
INSERT INTO existsin Values("2", "2");
INSERT INTO existsin Values("3", "3");
INSERT INTO existsin Values("4", "4");
INSERT INTO existsin Values("5", "5");
INSERT INTO location Values("name1", "description1");
INSERT INTO location Values("name2", "description2");
INSERT INTO location Values("name3", "description3");
INSERT INTO location Values("name4", "description4");
INSERT INTO location Values("name5", "description5");
INSERT INTO is_in Values("1", "1");
INSERT INTO is_in Values("2", "2");
INSERT INTO is_in Values("3", "3");
INSERT INTO is_in Values("4", "4");
INSERT INTO is_in Values("5", "5");
INSERT INTO stat Values("name1", "value1", "1", "1");
INSERT INTO stat Values("name2", "value2", "2", "2");
INSERT INTO stat Values("name3", "value3", "3", "3");
INSERT INTO stat Values("name4", "value4", "4", "4");
INSERT INTO stat Values("name5", "value5", "5", "5");
INSERT INTO action_ability Values("name1", "value1");
INSERT INTO action_ability Values("name2", "value2");
INSERT INTO action_ability Values("name3", "value3");
INSERT INTO action_ability Values("name4", "value4");
INSERT INTO action_ability Values("name5", "value5");
INSERT INTO can_do Values("1", "name1");
INSERT INTO can_do Values("2", "name2");
INSERT INTO can_do Values("3", "name3");
INSERT INTO can_do Values("4", "name4");
INSERT INTO can_do Values("5", "name5");
